SEED,Likelihood of Winning
1,0.485
2,0.25
3,0.129
4,0.0663
5,0.0342
6,0.0176
7,0.00907
8,0.00467
9,0.00241
10,0.00124
11,0.000639
12,0.000329
13,0.00017
14,0.0000874
15,0.0000451
16,0.0000232
